"week_start","TS_NaturalDisasters_norm_cov","TS_NaturalDisasters_gt","TS_EUPolitics_norm_cov","TS_EUPolitics_gt","TS_USPolitics_norm_cov","TS_USPolitics_gt","TS_MilitaryGeopolitics_norm_cov","TS_MilitaryGeopolitics_gt","TS_UkraineWar_norm_cov","TS_UkraineWar_gt","TS_EURightwing_norm_cov","TS_EURightwing_gt","TS_Diplomacy_norm_cov","TS_Diplomacy_gt","TS_IsraelGaza_norm_cov","TS_IsraelGaza_gt","TS_ClimateFires_norm_cov","TS_ClimateFires_gt","TS_Accidents_norm_cov","TS_Accidents_gt","TS_Elections_norm_cov","TS_Elections_gt","NYT_Diplomacy_norm_cov","NYT_Diplomacy_gt","NYT_AsiaGeopolitics_norm_cov","NYT_AsiaGeopolitics_gt","NYT_UkraineWar_norm_cov","NYT_UkraineWar_gt","NYT_IntLawCourts_norm_cov","NYT_IntLawCourts_gt","NYT_CrimeJustice_norm_cov","NYT_CrimeJustice_gt","NYT_Accidents_norm_cov","NYT_Accidents_gt","NYT_SyriaPolitics_norm_cov","NYT_SyriaPolitics_gt","NYT_GlobalLeaders_norm_cov","NYT_GlobalLeaders_gt","NYT_EconomicCrisis_norm_cov","NYT_EconomicCrisis_gt","NYT_IsraelGaza_norm_cov","NYT_IsraelGaza_gt","NYT_ReligionCulture_norm_cov","NYT_ReligionCulture_gt","NYT_Venezuela_norm_cov","NYT_Venezuela_gt"
2024-01-14,31.053373168783,10,29.7098577128843,13.8,16.5990387985136,1,100,32.75,24.6852208906307,23.4,10.9621137704029,11,38.1797594901135,17,31.1961712167235,24.75,17.1218490693385,17,23.5015852232327,13.8,23.7487711142856,0.5,37.2594451496084,17,52.3232483947876,8.6,30.1026637255543,10,66.1762694495736,13.2,53.2225922874023,13.2,48.8493095495692,28,19.7128374320555,3,13.6554630827509,2.8,56.1965886900395,9.4,42.5008699607779,17.5,13.9666955307542,11.2,17.3562653104991,2.8
2024-01-21,44.6879557661089,11,57.0203735517392,13.8,17.7885110003321,1.2,51.2010793250823,24.75,26.8345307164344,18.6,29.133161947992,10.4,63.6545556154403,15,38.9528408768832,27,32.449338975861,26.6666666666667,32.6226572319187,13.4,31.7070203104946,0.5,42.621076824365,15,39.3202762329537,9,38.2418434482533,12.75,84.9185080213743,19.6,47.4983928992453,19.6,54.7695874697409,26.8,16.2391289174023,3,22.4109270301384,3.4,56.3045526237857,11.2,45.4973023439818,17.5,15.3029959698602,11.8,24.1396792896967,3.4
2024-01-28,34.5213805212722,8.6,58.7567743924764,15.6,22.8271502901766,0.8,52.425442831939,21,32.5539394456587,20.4,19.1435702082066,10,59.6496542946431,14.6,43.4029250704936,28.25,44.2347221786106,13.6666666666667,16.1875936006633,12.4,31.1401885820031,0.5,61.4337809423437,14.6,34.5145743672631,9.8,27.5987145873945,11.25,71.38949520756,17.6,39.912908197437,17.6,46.9630989779857,28.4,18.8641966471951,5,20.8626926173687,2.6,60.188204673538,11.2,49.4082188770109,15.75,17.2651327670097,12.4,27.0177922086062,2.6
2024-02-04,52.308059937597,10,83.9168073745796,14.2,31.2491912570402,1.4,37.1553641168994,22.25,34.292886426828,27.2,33.0673834436097,9.2,41.463022941479,12.8,37.2631450956604,26,53.6359507695987,13.6666666666667,21.9586193837672,11.4,52.5568212320627,0.5,57.3675086215803,12.8,38.2407560561362,9.2,50.9121863328282,35.25,64.4401286188747,20,42.0755992839705,20,48.2577372510146,28.6,17.5254177351484,3.4,17.6418885786051,3.2,56.1146257182523,10.8,36.1577929093501,15.5,14.8267324282013,12.6,35.7962967042501,3.2
2024-02-11,23.2025954427641,9,61.4864056102359,15.4,37.3566863879456,1.4,35.0655671337502,30.5,68.8322997540056,30.8,24.2746086233563,9,30.3497329693763,16.4,60.2755404299579,24.5,40.0525734380207,11.6666666666667,27.2377784851398,8.8,34.6025586464679,0.75,50.6116229948533,16.4,29.7679667200178,8.4,67.993856276374,20.5,64.0712584872575,17.6,44.2547284359021,17.6,55.4788210291836,26.4,17.9853521078191,2.8,34.4172342902683,3.4,57.0486247134578,13.4,43.2934994348495,17,16.7132028726005,21.2,39.5910706777604,3.4
2024-02-18,34.2984363939118,10.4,68.0227367344774,23.6,14.9666691734723,1,39.7380958921997,22.75,77.4271570398583,31.8,24.1299552160542,11.2,44.5953214998249,17.6,23.1311151595633,20.5,60.1008877756791,13.6666666666667,38.0074404819793,6.6,24.7636825593915,0.25,30.4718700658515,17.6,33.1715428197347,9.2,58.8702517533252,18,78.332812047138,19.2,42.1570999709643,19.2,57.6143449370942,25,17.2249975495413,2.8,29.4292688219394,4.2,65.5554244360435,12,48.698536091652,14,15.0628155739922,13.4,30.9190014596266,4.2
2024-02-25,45.5924136641579,9.4,74.0738897640938,17,19.7506453173176,0.8,29.5787351468752,32,39.3617814540994,30,22.0035793326975,8.8,26.6483937841169,18.2,25.8156639602871,25,42.4428895255678,12.6666666666667,34.1830188013638,6.8,41.282684401586,0.5,34.3943719352005,18.2,31.6961411056564,9.6,41.8493341518685,14.75,41.2195649145002,18.4,36.908103803475,18.4,53.2190130636263,25,19.0268943854575,3,20.1589013195529,3.2,53.7825211846187,12.4,31.7415404342667,19.5,13.4844980328151,13.2,34.8459275126938,3.2
2024-03-03,39.189978785758,9.2,73.0926343370824,21.6,35.8173875007099,1.4,39.6941777894373,31.75,35.9939429266492,27.4,13.242810460544,9.2,33.8612329663901,18.6,33.4516254402141,25.25,37.7785137234484,13,39.2325035363902,8.2,49.2051012767403,0.5,38.2348770133536,18.6,26.5297825305481,12,45.041292675301,12.5,61.0360431215556,22,42.0044659118831,22,40.123542093475,28,13.1834637318114,2.8,19.1001249468692,3.6,65.6402687972235,12.4,29.0908354654125,18,13.1996907354339,12.8,34.0251203594322,3.6
2024-03-10,34.6673689157453,9.2,53.0362550108841,18.2,15.6169851092297,0.8,37.853954705066,23.5,50.9225671764262,32,29.919166724763,8.8,24.5708394241076,23.6,26.5737938045572,22.25,32.2812741991641,19.3333333333333,37.2967286821165,7,49.7864249050595,0.5,70.6926379288507,23.6,34.0481153888262,9.2,59.8925161429865,13.5,55.6324125998511,15,42.2471109119558,15,55.3520821897415,26.2,16.2317169272173,2.6,16.409577758897,2.8,54.2379616823983,12.4,47.7448592179375,16.75,12.0834534196318,12.8,27.8895121496495,2.8
2024-03-17,54.3317082956336,9.2,84.3415312336608,16.4,21.1554517880211,1,30.477604308991,31.5,68.4945498328264,39.4,27.0010931002675,8.6,45.8681720306848,23.6,36.7349365377612,20.25,65.9496817607465,13.3333333333333,23.0570210013061,7,34.0535105570502,0.75,63.985627706844,23.6,33.134369168053,11.6,73.5227125796441,18,69.7439167372581,16,59.223038159819,16,59.939363206735,26,16.7452939614469,2.6,26.2743738570546,3,53.0734494657247,11.8,33.4647680061773,15,16.8871282496756,14.2,35.7640107899498,3
2024-03-24,40.1029482122939,9,37.4050377795498,16.6,20.3588657451207,1,12.9643315237458,19.75,59.7980362714968,27.6,14.0505541733901,6.4,34.6262864854032,13.8,36.3935689944595,20.5,63.0117853902395,18.3333333333333,58.4754023511132,8.2,35.403203777136,0.25,53.5363623940729,13.8,31.4882660094774,10.8,51.9724898878838,14.75,72.0257132708778,15.4,59.8869442854229,15.4,56.3660041463339,25.8,15.2997540335343,2.6,19.3711840318596,3,56.2290129940335,10.2,36.3156313385145,13.5,19.739908650935,24,41.2815163596289,3
2024-03-31,72.2607173839554,9.8,32.517156609027,16.4,13.0116576833654,0.8,43.7340518479392,29.25,28.7593438372993,24.2,20.1060612776984,6.2,47.2314335484482,10.8,77.290490984804,23.5,64.5792814047703,13.6666666666667,37.4830822201804,8.2,22.0833489976861,1.25,48.9556441695174,10.8,37.3253886356506,10.2,53.5260105315554,12.25,69.9193108680301,14.4,36.3220688307393,14.4,83.7325567880356,26.4,14.7114543583945,2.8,15.0968828737335,2.6,56.543290320054,10.8,54.8551533458534,16.5,14.8741589448103,16.2,28.81237320487,2.6
2024-04-07,74.8568790093641,10.4,50.539644110258,16.2,22.5982165167295,0.8,52.5295577292143,24,51.5742461096806,21,28.8743047019662,9,35.6305564731774,14.2,45.9027452220099,26.75,44.6880658409661,14.6666666666667,31.2909426849039,8.8,30.2747124732057,0.5,43.5519780907482,14.2,40.5807039313741,18.4,38.4720867922514,10.25,62.7632014114423,16.6,38.9880559363246,16.6,63.5233354069454,24.8,15.8125052507529,3.2,22.4046245543291,2.6,49.9790945367577,14.4,57.7870888133107,16.5,19.7220580504037,13.2,27.1396186390866,2.6
2024-04-14,63.7324001150024,13,65.3002716003575,16.6,18.0160123844724,1,74.2427196928874,21.25,56.9279790096847,18.6,15.2694715780759,7.8,43.1661010771979,15.4,79.235573772385,53.75,73.8847629894812,33.6666666666667,28.0092691152797,7.4,22.7897905856831,0.5,45.156629407983,15.4,38.9844731704795,11.8,57.9366618448511,10.75,45.5374573992556,18.2,37.4311361642665,18.2,48.5220200204041,25.6,15.1247512981705,4.6,15.9229161790486,3.4,50.3998331015766,15,71.2482943045479,22,15.5747601690323,11.8,29.4972312791697,3.4
2024-04-21,51.1167537387318,10.2,74.4170082805197,16.6,43.0392133166558,1,44.3825721635927,19.5,34.8142907461092,19.8,27.1874645796298,8.4,62.4886748183148,13.2,48.5616464663586,20.75,25.7099518492497,11.3333333333333,30.2696881684797,6.8,20.5867194599888,0.5,45.2651064615536,13.2,36.8403670391281,12.2,48.0435158324512,11.5,61.3850358299467,18.2,40.8149065485845,18.2,54.9576389335779,27.8,11.4702913548654,3,10.1089409149455,3,53.1095837623538,23.2,34.9055405641837,22.5,14.5388097792246,12.4,22.3788048096128,3
2024-04-28,69.2641736402514,10.4,41.8752916785337,16.6,12.9452174279626,0.8,31.4806059368551,16.5,29.4764332854679,20,9.92829476647174,7.2,69.5912884598439,12,51.1975946167287,22,34.2695465067231,27.3333333333333,25.061292576819,8.2,22.4924314536892,0.5,51.4657899463141,12,21.2740820212327,11.8,25.9388142771274,11.5,50.5924668413588,19,30.3196765159753,19,48.4688037624412,26,12.2204375499233,3.2,11.9867847300077,2.8,43.2400164753386,31,37.8879885134836,30,14.7920734096984,12.2,17.5717614168217,2.8
2024-05-05,57.6371838743566,10.2,36.0562488121841,19.2,17.5571552963857,0.8,35.380187246432,20,53.9828320121553,26.2,16.6533664951966,7,43.9985042146851,10.2,55.6941765250257,29.5,29.1769447881686,15.6666666666667,23.4951601322801,6.4,18.9201276247029,1,49.5527177976348,10.2,51.1533421511688,11.6,53.0850779759094,17.75,48.6685283035576,16.4,32.749262287312,16.4,59.4646813491818,26.2,14.3790879471161,3,25.0503537645539,3.2,59.7504706842574,17.4,52.2065532930085,30,16.1441984929357,12.6,53.5197217917166,3.2
2024-05-12,51.8077556628851,12.2,47.0079914386369,19.4,19.7987069998377,0.8,19.4343142139986,18.5,42.321293430077,21.8,24.0827414130937,8.6,79.9980022438204,12.8,34.6343616034143,30.5,72.8159005335079,20,30.0236009704317,10.8,30.6936758509784,0.75,59.3146093213394,12.8,42.9101529629203,10.8,84.3781682138875,13.25,67.6758853822909,15.4,55.7290469913138,15.4,58.2087571763629,27,14.9645655771332,2.6,22.6281137984707,2.8,63.2942977075899,14.6,44.1992492384893,22.75,15.8472966034493,13.2,35.2696961216947,2.8
2024-05-19,67.021364965725,9.8,27.2052942492865,19.8,21.1915456691197,0.8,42.6238220735521,21.25,23.6875228786045,23.4,14.350924452792,7.2,67.5203657112313,14.8,42.1311468076029,28.25,26.246341346568,13.6666666666667,57.6751626755424,21,30.2132633083781,0.75,100,14.8,45.3416139536093,14.4,79.9608828244387,11.25,100,17.2,41.4770512639167,17.2,62.1932701477066,29,19.857053374815,2.2,32.0678702553374,3.4,79.76681731529,11.8,47.1790223552506,17.5,21.1415079968237,13.6,39.047513329267,3.4
2024-05-26,67.8598955269488,8.2,32.8818557104836,20.8,24.5035836643196,2,41.3938063954664,24.25,48.4888667606133,24.4,23.2910760099999,7.6,41.3853578187295,12,47.896796874012,41.5,44.4095193664755,11.3333333333333,25.4767242085296,7.2,25.2627904326845,1.75,29.0663577919528,12,40.7586251999208,10,48.9263759748112,10.5,41.4979600181122,12.4,23.389961938651,12.4,66.5086213616349,28.6,9.35459450196166,2,18.4920195023575,7.4,47.0504215657256,10.8,32.1999245274413,23.75,11.3723220608007,20.6,29.9584150942764,7.4
2024-06-02,27.7632718033493,11.4,15.2855997902285,21,19.7905288050113,1,30.4148259947873,22.5,9.23949704858585,28,18.0299320071131,10.4,44.3062896260514,11.8,27.6123081971613,23.75,24.632541836307,11.6666666666667,15.8058686160153,6.6,27.9449732539774,2.5,84.1124270732554,11.8,37.9107244656411,7.6,51.4251447274696,10.75,58.471745920759,12,38.4054108426216,12,64.2468930227625,27.2,17.2268926289686,2.2,29.3065592427905,3.4,56.5693103832841,9.2,49.6120982132889,14.25,15.7336065733452,12,32.9526842697679,3.4
2024-06-09,32.4187578045455,5.6,51.6620319820713,29.4,16.6899874998592,1,25.4003502739002,19.75,37.9142777953385,26.6,65.835530569938,25.6,42.2267973555247,15,45.4475728234336,21.25,39.0538687511993,17,37.2008376984462,6.4,31.4531041586606,8.25,63.4483710092703,15,52.0146453858975,7.2,60.5564787239167,12,48.1248757210419,12,47.8205832097823,12,60.9591778045157,29.2,17.9335881564161,2.2,30.4536822446345,2.6,59.7249570570985,10,57.2609531899249,14.75,17.8760411626165,14.2,30.2803331222452,2.6
2024-06-16,60.2995576265195,5.2,75.678833989836,19.8,12.3102895236291,0.6,51.4394493295857,21.25,39.2903115841755,27,29.0925099763112,9,38.2366847911686,10.2,40.7143476224928,14.5,52.0609339918216,17.6666666666667,23.0381716504732,6.8,22.7668830866009,0.5,38.0139078371725,10.2,64.2922056183534,24.4,51.7526452673617,16,50.5622668075037,10.6,32.5347210109242,10.6,59.3209678076352,32.8,14.3974782509327,1.8,21.6695099013056,2.4,54.8029868961472,8,29.6291613864039,12.75,18.4236603806767,11.4,35.3972663546374,2.4
2024-06-23,45.8067224170576,5.6,58.7688871206207,19.2,20.7274149057292,2.6,26.1162885742895,17.75,26.048341795054,22.2,33.2041278945817,7.8,61.2315569568195,12.2,26.6578935093131,14.25,56.4605427381679,17,26.7534517090769,7.2,50.7374063836531,0.5,57.767516071157,12.2,30.2105687274537,14.2,40.9688382669867,15,76.6031302884011,15.2,44.6135052850632,15.2,61.0269643565111,28,13.9911944966417,1.8,26.5364707111558,4.8,70.9876733305663,10.8,23.6927216751277,11.5,15.1126673612078,11.8,40.860189666142,4.8
2024-06-30,70.7297601718453,6.6,33.7699334313263,13.2,32.2334120562728,2.4,18.6043827074382,16.75,17.8941631414522,17.8,58.8430305497399,8.2,79.0637724060037,13,15.1878874123783,11.5,46.4045400390087,18.6666666666667,18.1562701693187,5.8,74.344305066408,1,90.9638674906811,13,26.2878914171892,5.8,23.1486693393679,10,54.8245028997582,26.8,43.0752498725683,26.8,58.155916529144,29.4,19.8105692162326,1.8,25.428472352029,3.8,66.2010104660563,8.2,25.6616120738499,9,15.8162385604107,10.8,40.5624566522133,3.8
2024-07-07,64.833585602855,6.2,73.5463098361999,14.4,36.245330435998,3,37.6000106221191,26.75,46.0607517226691,21.4,75.0877167513195,8,66.7793672297713,11.8,33.8326328197617,14.5,63.2824097828384,18.6666666666667,24.720345726764,7.2,39.552410613658,1,64.0617833185365,11.8,32.8764717237387,6.2,40.5267045973688,18,52.2633817367295,11.2,39.8947391426254,11.2,67.0819435934484,27.2,14.6086129475356,1.8,27.1845805696473,9.2,70.9445443446192,10.6,30.4534687108509,9.5,10.6703459193993,11.4,30.5103951283819,9.2
2024-07-14,34.2904554379634,5.4,46.0608923205125,33,62.7321097089587,11.8,20.840244761569,16.75,14.8301374945666,17.8,18.6149187599543,6.4,43.5873458863905,9.2,20.5494960789998,13.75,64.7692179816674,17,17.1613507816067,6,56.4139062004596,0.5,58.8314369472175,9.2,39.5972964214099,5.6,46.5420651461417,12.5,45.7459233570013,11,44.5697497291795,11,57.3403129653114,25.6,18.0351183183034,1.8,26.0363961502287,22.2,63.4759473890745,9,25.0022396671358,7.75,14.7315545009571,10.4,55.1779327898138,22.2
2024-07-21,62.418095810923,5.6,45.2690890234458,17.6,100,6.4,46.0058229260477,15.5,17.5221769849163,17.4,19.549551619707,6.6,47.416532823971,10.4,29.6961032135896,15,88.4699114485113,20.6666666666667,30.2472255015424,10.4,98.2090221984511,0.5,57.2402779588646,10.4,37.0628497106558,7.2,35.6856196805835,10.5,50.1875890628737,10.2,44.0893756497678,10.2,64.3994227200686,34.4,12.4782931833329,1.8,18.4780406412514,7.8,70.0900674963094,10.2,30.353846290858,13.25,12.0184199600922,10.6,31.6314404426285,7.8
2024-07-28,43.5023303693209,4.8,26.2480473682325,13.6,28.4630013806492,1.8,43.4901777092617,17.25,33.5566370048713,17.8,20.5432286455804,6,37.6044152813937,9.6,97.2637682096586,34.5,87.7668837861033,23.3333333333333,23.2807516019474,12.8,61.0167343309858,0.5,26.3423857066546,9.6,36.140067775379,5.2,44.2272144848281,13,46.2644504657477,9.4,61.3259403954381,9.4,71.5567512725477,28,21.9221683068024,2.4,20.2070715766932,6.4,63.8069443313389,10.2,47.8101348695845,21,18.8826417841828,11.8,100,6.4
2024-08-04,55.4060211978018,5.4,25.1533690453987,13.8,13.7875549626955,1.6,32.2782514875824,15,49.1384934513425,21.6,23.517042515275,6.2,63.9309640074342,9.6,43.8394149947571,25.25,68.9888926974845,19.6666666666667,30.7503871203731,22.4,52.7419788453005,0.25,46.3817362403066,9.6,39.1928554109576,5.2,50.694856965466,12.25,50.9757103820891,8.4,41.5327431145876,8.4,72.0160481330913,31.2,14.3672437233867,3,15.0686375833587,4.2,76.080108203212,15.4,40.1817916559184,13.5,15.5945139809039,11.2,76.8966871743622,4.2
2024-08-11,56.6472047542261,6.2,15.0666466775507,14.4,17.9963990411961,1.6,32.757609585218,16.25,63.2840905397019,23.6,19.5080559747938,6.6,29.0270326317119,10.4,44.5353493237642,19,71.3012344258551,27.6666666666667,14.8964097070684,14.8,32.0828467445324,0.5,46.8127155608871,10.4,39.3596436228801,5,76.6763557428412,16.75,54.8316783790593,8.8,29.5954357153518,8.8,37.5744737581021,30.6,11.07725881736,2.8,9.79700718422559,4.2,40.6464384110633,13.2,28.3483718441792,11,13.7226033440847,14,22.0987472122572,4.2
2024-08-18,45.5679579050353,8.6,20.5480852296689,13.4,22.4233757145492,1.6,26.5398645664806,22.5,64.1200670965061,23,28.1636195883244,7,20.6072530476152,9,41.1648829399247,16.75,40.4494106793275,30.6666666666667,37.0627453535397,9.2,42.6579913214123,0.5,29.5222276829872,9,30.8437476073891,14.4,79.9901918984574,14.75,48.7255381693085,11.6,50.9221061630979,11.6,94.4850588995984,28.2,14.9322042798319,2.4,18.975616891172,4.8,91.7431170989483,12.6,40.1828404046166,12,15.0613637504851,12,40.26177268423,4.8
2024-08-25,46.3233616719411,7.8,21.9358569720076,13.2,15.5396947468691,1.2,28.7525314620326,16.25,31.4850399285612,20.8,12.3434347750128,9.8,22.0859941466763,9.8,37.0559506292688,15,42.7705186075514,19.3333333333333,29.6687403622384,14,23.2013414441641,1,17.0769233387093,9.8,39.8462814089714,7,62.9832681275746,12,43.0585739711932,12.4,38.6518393234422,12.4,69.3087121124144,32.6,17.0328077707022,2.6,16.9601555522285,3.8,37.6137944494064,10.2,53.2929130626418,11,11.2588613501136,11.8,22.9481704618007,3.8
2024-09-01,59.6103783454391,7.6,24.9433378940241,13.8,21.6148579433779,1.2,29.7558604372991,17.25,32.5664168391423,25.2,22.4580637641798,11.4,39.3997490019198,13.4,40.0355991139319,15.75,47.9197441098924,31,31.9585823824624,10.6,27.6367061728659,3.75,39.1774299445134,13.4,36.6554674519199,6.6,100,13.25,69.3361500903907,12.6,48.666300807015,12.6,94.6112695326435,29.4,11.1066574963194,2.4,19.1768563126147,3.6,58.6261980136464,10.4,45.9789337792084,13.75,25.6371176093993,12.2,41.6556250324074,3.6
2024-09-08,77.1176463485547,8.6,40.1930764050706,16,19.9874479643405,3.6,26.5463209879483,16.75,26.03459125713,19.2,16.8646133147572,11.4,26.7253626850426,13.8,22.1195554666803,13,27.1711003341208,23.6666666666667,16.6451680666983,11.2,38.6876767239988,0.75,45.8580211851845,13.8,40.8096090142393,8.6,78.9868592490906,18.25,62.4199004686546,14.8,59.2733999048876,14.8,58.981852699533,28,11.6661460289282,2.8,21.4331701586275,6.6,69.0592155339691,14.2,38.1112833207593,7.75,20.2484371154481,13.4,36.4345007899661,6.6
2024-09-15,84.6426385807506,9.4,51.143243302628,19.2,19.0331676724967,2.4,33.4765735328242,18.5,26.4303064765505,19,26.3003062824342,10.8,26.8661487588659,12,55.4027039869233,14.25,50.1172666427664,22.3333333333333,25.2581003233247,25.2,21.2278299961729,1,36.2556489948355,12,32.6248871287033,11.4,56.2345334350373,13,67.2338789793254,15.8,50.7205381332601,15.8,85.3035213312473,29.6,11.9330344748294,3,11.6479069227094,6.8,50.6271344612868,12.2,71.0363093195732,23.75,14.5961392290364,13.2,29.0517431768749,6.8
2024-09-22,52.9514376897767,9.6,34.5920489944172,14.8,27.9974632954568,1.2,34.8119537294695,17,30.4992956965335,21,21.4115271984847,13.2,29.3046132939585,12.8,80.0936863135743,20.25,18.8807734921264,12.6666666666667,25.739097376445,10,27.2270468747308,2.75,51.1835183113651,12.8,47.812120491572,8,68.687354616699,11.25,44.9476661616874,15.6,52.9661014986803,15.6,73.0978648265619,27.2,17.317264363638,3.6,20.6762616764142,4,58.2903535760176,11,100,23.25,21.6541864008822,12.2,27.4720869364102,4
2024-09-29,86.3159165680429,9,25.7998950179686,15.8,19.6702561164201,1.6,49.448635628952,20.75,37.6501335609952,19,66.7658280386832,42.6,32.9280007195572,12.2,100,37.25,43.625314341029,13.3333333333333,29.3155891019492,10,32.695108922517,0.75,30.3086129672739,12.2,36.2305316039552,8.4,51.1663576633744,10.5,31.459213916537,15.2,37.3604701947349,15.2,65.8604119265935,28.2,11.4307831877856,5.2,13.2162442245471,4.6,39.9508734356135,10,84.6418973557352,24,16.5163620227191,12,19.9413341607595,4.6
2024-10-06,94.9075934106612,34.8,32.9926729237742,15.4,17.6742546548171,1.6,24.680637924621,16.75,19.0173964777688,22.2,17.097040773809,9.2,32.5522146247526,14.6,64.1250418935347,35.75,30.0767827546355,12.3333333333333,20.2557987275588,6.8,34.2588830235774,0.5,40.3463169342309,14.6,41.5880417824906,7.6,43.6756116769666,12.75,49.1562054302657,15.2,40.6827664598922,15.2,73.6086980609352,24.8,11.3776469626099,3.2,11.8964785135305,4.2,48.2367842341091,11.4,75.1672506479866,16.5,17.8716761073223,11.8,30.2007583047278,4.2
2024-10-13,45.5702946332929,8.8,68.0238324255888,16.2,16.4423832743805,2.4,61.3759912973244,20.5,24.3453203100484,16.8,16.2053091360123,9,19.155379757214,18,73.0602018100322,31.75,42.5986473025109,15,27.4873771548025,8.8,25.9238449417883,0.75,57.481881273711,18,47.3968888223755,8.6,56.1577704841953,9.75,59.7383391536885,14.4,43.6680409852204,14.4,67.7152129016202,25,15.2944813609585,3,16.5949802395664,5,54.9811001839711,10,71.9668019677037,19,14.021796406265,11.8,30.1797127143364,5
2024-10-20,61.2053994811351,8,51.0397356016457,15.8,26.5512657530021,2.6,54.1507927764636,22,40.3079222088364,19.4,29.3225483636969,8.8,28.1507975951608,14.8,49.1177966302709,22.25,25.7466764854199,14.6666666666667,18.8353080778137,11,56.540652997303,1.25,42.9396343661405,14.8,71.6038773429864,9.2,62.6196331417054,12.5,62.5308870294532,16,58.4896665220758,16,67.6532522665191,25.6,17.413636463167,3,23.5314158727679,6.4,64.1236632359098,11.4,70.7371942657213,13,21.1446033013738,12.8,29.317587303759,6.4
2024-10-27,78.3419104699832,9.6,22.94400936166,15.2,26.3884779748879,4.2,42.6546803956494,17.75,20.2556638435722,19.4,11.7062204013063,7.6,37.7922098715415,15.8,52.1766067269466,17,29.6302424031603,14.3333333333333,21.9041567284314,7,75.386643729865,2.25,32.7057962709852,15.8,28.2048949302965,9.6,44.8401052452186,10.5,33.8973236298503,16.4,33.993139309913,16.4,59.7210122380254,23.8,10.8229105765092,2.6,11.1507401397042,8.2,42.9853504982315,11.6,44.1232819794763,10,11.823886918537,17.2,19.4098906261283,8.2
2024-11-03,73.1956191215364,15.2,34.1324909096341,14.8,55.0522950075481,36.4,39.2771921828514,27,23.8160710401278,22.2,15.9504913586687,10.4,31.3097797337279,17.8,20.2292894724581,16.25,50.6446763602237,12.3333333333333,20.4368836979636,6.4,100,25,93.5505800261364,17.8,24.4322997882856,9.6,48.9967071016333,22.25,32.2129515713721,17.4,31.7403251346353,17.4,51.3827891047056,23,13.0467003837123,2.6,43.2797621771333,26.6,44.5398842254747,17,29.3719851874058,35,11.0994116771202,11.8,18.7693062462314,26.6
2024-11-10,57.7405361528745,8.6,41.8660960225253,17.4,58.1016253623916,4.2,32.3224033636521,19.5,36.9662728463268,19.8,35.6447209034359,9.8,26.5236862580067,29.4,24.3900663550531,16,46.3543880886621,11,17.9869395902478,8.8,30.1454544576684,1.25,40.1673235483036,29.4,43.4651406182286,9.8,37.6786667562966,18.25,47.5529050210904,17.4,51.3008965056577,17.4,62.4926363544401,25,15.3342886112983,2.8,34.951548789787,8.4,45.8629939869016,13,34.5655041873649,10.75,15.7089391268945,11.6,22.6732075359371,8.4
2024-11-17,46.154217355679,8,52.1142343972406,14.6,53.2149790476815,2.4,60.3830336275122,24,74.8991624127866,37.2,30.7421402397403,8.6,40.1665539537195,14.6,32.0722105017146,12.75,31.3940172445431,10.6666666666667,38.4923382286099,7.2,18.5403787639396,0.5,56.6056766682253,14.6,44.8317575910374,10.6,86.212579134461,29,59.6912052711856,19.8,60.8836509552367,19.8,51.2195333534666,25.4,16.2449821771176,2.6,46.5927953023885,5,51.0201654813331,11.4,40.1535223052966,8,13.3214053368448,12.2,39.2763975178463,5
2024-11-24,48.0526840916998,7.8,50.9054844001746,14.6,34.7750519797865,1.4,42.3893191696139,26,54.7801854554811,29.4,21.6067101310866,9.8,47.6205978870247,15.8,41.6180146332182,12.75,37.716175121013,14,65.552870866656,14.8,34.4831191815884,0.75,55.219346333411,15.8,43.5853119479186,7,46.5634729644816,16.5,58.3236626018108,10.8,58.21621790605,10.8,77.0791901462658,23.8,23.734705954284,3.6,23.8070537894383,3.4,60.7386411048677,9,49.4383045279503,8.75,12.1804528114262,10.6,24.6386779915679,3.4
2024-12-01,56.2412194781039,7.6,51.3801473634938,14.2,31.409233684755,1.4,60.4122220524372,20.5,32.4683178681036,22.2,39.274181714908,8.4,78.0267090637339,14.4,31.1642013284486,13,44.1941497332657,15.6666666666667,28.0263607525028,8.6,31.3972616682828,0.5,60.2008050838706,14.4,58.469060447844,11.4,45.5566726768103,11.25,71.7558693525108,18.4,48.9077671846455,18.4,49.3801724921778,23.8,44.7001445616307,9.2,100,3.4,90.4332222007436,10.8,29.9195302880888,7,20.0778183537355,11.6,34.3269084365074,3.4
2024-12-08,33.2907937111989,7.8,37.5098629251354,13,27.7429925396993,1.4,44.8093564551691,19.5,28.2872924017088,23.8,34.6993298151266,7.8,34.1219380625323,15,31.4857771298,15,45.745888450872,20,19.1130696813755,8.2,20.3068311796343,0.5,44.5127856130449,15,49.1571948745743,12.2,47.9392146930085,10.75,97.6329808502504,18.4,59.988167143879,18.4,53.9010608304336,25,100,36,81.8090248689,3.4,60.0913934296987,12,25.4107498410857,6.25,17.9335248723107,16.4,41.1880109382604,3.4
2024-12-15,57.1192077831232,8,48.443304836328,13.6,39.541115112673,1.4,37.8447599739081,18.5,27.253653562645,23,19.4593247204543,7.6,28.5851294731615,23.4,12.8127019371735,12.25,38.5985350160418,17.6666666666667,52.6422875678855,6.8,16.6833098188738,0.5,59.2386072650191,23.4,39.1538876549159,8.8,52.7756601004305,11,43.8850767376738,13.6,71.6354358367522,13.6,56.8595478294288,25.2,38.0115259053691,7.8,41.3273193787559,3,59.988217200112,9.6,20.7467704515721,5.5,10.9934700261671,15.2,22.9469078355945,3
2024-12-22,51.708870357699,5.6,26.3644880749767,12.8,26.9412991468197,1.4,30.2449509389319,16,25.4198663553215,23,18.9523176466665,5,36.1826355479853,8.6,23.1336551756704,13.75,37.9384764924673,22.3333333333333,100,24.4,13.2020350709187,0.25,35.6391024157024,8.6,20.8564719178944,8,48.6751351250164,9.25,53.2860769828891,6,39.8287748142355,6,65.6837206185768,27.8,21.3382629624237,4.2,30.4396145333101,2.6,40.4257299459902,6.8,19.4312691517793,5.75,10.4952390621762,24.6,27.3013614803198,2.6
2024-12-29,42.5078551050135,6.3,28.4317594037418,14,29.6353000811346,2.1,26.1674286092079,12.25,24.374726207625,15.3,63.11317900823,6.3,29.8408300512888,8.1,15.8509476639358,8.375,55.6095632248292,19.1666666666667,65.3243035650052,21.7,26.5280269569285,0.625,12.8175029537551,8.1,22.6981564290579,4.5,28.7378320373706,6.625,43.3248674103741,7.7,37.5654730769376,7.7,60.2515619932903,28.1,21.3118933000134,7.4,32.4974133627796,4.2,36.7679545589381,4.7,20.5084868707009,5.25,10.4555471651197,9.6,16.2143898787355,4.2
2025-01-05,42.7905915273429,5,28.2084150848873,14.6,51.6557875039197,4.8,19.3131861122162,13.25,19.4904638448269,10.2,100,15.2,29.0386064925113,3.4,15.9243407722561,5.5,100,26.6666666666667,29.749139572653,5.4,22.0726649771288,1.25,69.2921841269388,3.4,27.7950167636257,5.8,48.1254110224416,4.5,63.0287568873229,15.8,47.4558138464003,15.8,50.650731253298,5.4,28.2388311630835,10,45.0655328954913,6.2,60.7033136492474,3,30.5347810747099,4.5,14.9400803753426,2.6,49.9241244603377,6.2
2025-01-12,42.7151159541036,4,24.7457824234044,14.6,51.9580541225467,5,19.0679080577153,12,13.4858790673402,9.4,21.3974355480331,8.8,30.4429762119501,3.2,68.7697549141733,12.25,56.3874599884674,20.3333333333333,31.8509050505998,5.8,20.4018356014841,1.5,72.2472358821648,3.2,36.2597371236356,7.2,39.4004301651676,4.5,56.9424521908761,20,50.6688404290288,20,46.3533092356007,5.8,21.3084697448044,9.4,56.5716128179212,5.8,46.0717292812203,3.6,47.39070045372,12.5,13.4341253403337,2.2,24.0665409803064,5.8
2025-01-19,49.1332703395097,5.6,35.0250118166099,15.6,80.6436988195261,21.2,24.4383863615937,11.75,14.4351195417668,11,14.5446062999898,10,21.6648097479993,4.8,59.7262926680885,13.5,67.3648380866738,17.3333333333333,23.4566945758202,5.8,12.5018771081279,1.75,22.113927751975,4.8,29.7160510342682,6.4,37.1720171107391,7.5,56.3110299332169,19.6,63.5891657467316,19.6,53.3444662250496,5.2,24.5806743172656,8.6,36.4202004299891,24,42.40431842045,4.2,55.0364168849122,9.75,12.9533289933055,2,19.100865803132,24
2025-01-26,27.8205309877772,4.8,37.996407609398,15.8,58.0674601488201,5.8,25.1603047882035,10.75,6.76822617467291,8.8,18.2510416268912,22.8,22.7661808174308,4.4,60.9485075707696,10.5,34.0613802523075,8.66666666666667,67.5161599350936,13.6,12.2454066049545,3.75,49.9871279533499,4.4,37.417754781331,7.4,28.283293195145,5,53.7302020335723,22.4,46.8231096204267,22.4,58.5273244620426,25.6,31.2963984300603,9.6,52.5593414238598,12.2,58.4908179740037,4.8,53.9569220118878,11.5,17.2376857300069,2.2,26.9101420410586,12.2
2025-02-02,53.4466963009471,5.6,42.2829463795235,18.8,94.330676973148,5.8,17.5311461720287,10.75,21.0900920326611,8.8,25.5220976837173,12.6,46.3758453490935,3.8,39.1251614924977,15,64.1956579865108,8.66666666666667,40.6271849594185,6.8,10.1097157514585,4.75,47.3392035662302,3.8,40.7395713463745,7.6,26.0747735776834,4.75,47.6636120999523,25.8,42.4518546589631,25.8,50.0863561432802,10,25.5843888806701,11,87.4169548495429,9.4,72.0639079053896,7,24.0620517874501,28.25,18.2783482296806,2.2,24.7301870578559,9.4
2025-02-09,43.950386831673,5.2,50.7520350650147,15.6,66.6118589259338,5.6,10.8867228658881,13.25,48.4933500945894,11.4,44.3069482415984,13.2,16.4074860048168,6.4,32.8608417560704,13,27.8215821308783,7.66666666666667,24.5911352695441,5.2,17.2981332964232,3.5,33.7184395647831,6.4,50.9914115309161,7.4,61.639057145717,6.25,49.221869011446,22.2,48.3638049293639,22.2,46.7267660157546,6.6,19.3687096997846,9.4,68.4084333455915,9,44.1013792911072,5.2,32.4020812165429,14.25,18.0171342712797,2.2,32.1641528816096,9
2025-02-16,27.705407889301,4.8,54.9932488239891,15.4,44.0160212241852,6.6,19.3244035906569,17.25,69.2134325386904,15.2,47.0429987436379,11.4,17.1319153624509,9.8,45.718323599436,12.5,40.5057870379563,9.33333333333333,34.1885228640661,8.4,6.13157661638665,6.25,32.4284962001952,9.8,60.9938261452785,7.8,59.1395059322177,9.75,41.5788189833649,22.2,50.0125517546474,22.2,58.2302048992692,10.6,22.7908100250187,8.4,62.418473892014,8.8,45.0810133425818,5.8,38.2738563349118,10.75,25.9065053342442,3.8,21.449969435712,8.8
2025-02-23,31.0919878917085,4.2,50.8539731916843,15.6,64.3867362450194,13.8,12.9217444473507,20.5,49.8254143304148,14.6,40.4744561228943,11.4,21.5328497665988,6.8,42.7308680176005,16.25,21.029830599403,7.33333333333333,30.3536799556335,4.8,8.48636223798502,25.25,48.2075517765497,6.8,44.2054686233121,8,51.0699825131309,13,47.0053603063703,22.8,44.2673203157965,22.8,37.0219281513036,6.4,33.0532794088622,9.8,73.5800687804421,9.2,55.3852166828788,5.4,31.8557996755246,13.75,27.2983522763883,8.4,26.3955397711064,9.2
2025-03-02,45.2174037246887,3.8,76.1368430115943,21.6,71.478636729459,14.4,27.8902136409709,26.5,59.3046871748144,15.6,32.5823838818166,7,40.0009796811435,6.2,29.5936150257363,8.25,38.1297575925862,11.3333333333333,26.1970063219717,6.4,9.1365239109689,1.75,51.3316114938924,6.2,57.9188474284435,8.6,61.7893420376162,14.25,52.5311421141308,24.6,49.3913030099943,24.6,59.1888960536092,6.2,29.1446893788552,10,92.1890581049038,10,76.9879637613707,6.2,38.6694411463558,7.5,30.845538782209,6.2,26.6245204058476,10
2025-03-09,35.2070268046923,4.6,42.8745483587466,19.6,53.0584043875272,7.6,32.3119945276399,16,82.8096433763228,20.6,21.4725698251701,7,39.3248295571669,11.8,21.5868368950665,6,25.0399277512475,9,43.4655453991728,9.8,23.4249287708284,0.75,44.8433833355784,11.8,56.1095394642399,7.8,77.3437830725373,8,65.4118893673217,31.8,34.5166704705419,31.8,52.2742876381356,6.8,24.9351204251517,14.2,75.5465686442687,7.2,57.7572346255876,10.2,28.9066980706343,5.75,22.7476860448571,3.2,22.4340101353106,7.2
2025-03-16,42.5863002844557,5,37.4186650912042,19.4,50.5358319210891,6.6,34.165506178151,14.75,40.537867052834,15.4,11.4490972735977,6.6,47.3765890978606,23.4,41.220092050908,9.25,35.873078206153,15.3333333333333,27.1789124041737,9,10.5518987440243,1.5,53.0811099915111,23.4,46.6233328558565,7.6,54.8628216116155,7.5,79.5933744598619,22.2,57.9635335746301,22.2,59.6534112835114,6.4,21.3999261766431,9.4,63.0483318397632,6.6,62.0009252051146,5.6,34.2444257199331,8.75,24.0672895475791,2.8,29.2460277462972,6.6
2025-03-23,64.138056908675,14.4,46.0398915131601,17.2,70.8966696731816,5.4,30.7289732409474,14,69.3406742952023,14.4,14.9217849376796,6.6,22.9154799691259,7.4,27.2348980320674,8,33.1625689587314,9.33333333333333,35.3158441856248,8,20.505734227619,0.75,53.4297647016977,7.4,60.5746766110696,8.2,45.4313417954648,5.75,58.6238222436985,21.6,55.5661602367592,21.6,80.2584769536949,5.8,26.3217500583175,8.6,76.4712841838373,6,84.667436005516,5.2,27.7878655025496,6.5,30.6141199063979,2.6,40.0890969981997,6
2025-03-30,73.241594268469,19.4,31.6502264523785,17,64.4504001224205,9.2,44.5828316502477,12.25,33.4852131986055,10.6,56.0074568903166,6,43.0255148969318,6.6,16.7371129050077,7,37.7499534702278,10.6666666666667,39.8881842751275,5,17.1437539700885,0.75,42.4756695269955,6.6,55.2357730426047,9.4,25.4328613612874,6.5,62.3699654075679,21.2,46.4875558976818,21.2,57.7300673985482,6.2,14.2559057563428,9,54.6609627079124,7,62.6316880456431,10.6,30.147287791104,6,22.5652313831496,2.2,25.8027600491271,7
2025-04-06,56.0003409879828,23.4,58.8472692529541,17.6,60.442351639626,10,35.6714319019181,10.25,63.697129097455,10.4,17.1145223487798,6.2,22.0965136155276,9.4,19.5733250520853,6.25,17.8505639070119,13.6666666666667,23.9288265862755,6,8.7292683205958,0.5,45.6968007398526,9.4,70.3328910832278,10.2,46.4105901619075,4.25,51.097992826177,26.4,43.1146585702991,26.4,64.3266623033416,6.2,17.0186634567994,8.6,60.2376549137561,7,61.3954520218167,10.4,22.2302703877998,5.5,26.5078362552352,2.6,22.9639674146667,7
2025-04-13,42.5431346408567,8.4,27.0414752534726,17.6,45.5923923001593,5.6,19.2953854335125,9.75,48.7208590198854,10,20.1831149325397,4.8,29.3846085309299,3.6,15.7632927538257,6.25,30.843113745233,10,25.7501734458055,5.6,9.22318884897597,0.5,41.9058031185695,3.6,59.025770229138,9,35.9778448034732,4.25,57.0077002432511,30,45.3626765488954,30,55.9144646606586,6.6,18.1754180489526,8.4,54.1497491381216,6,72.3777250469791,6.2,17.4755300078589,4.75,28.7891483494664,4.2,22.7040112376383,6
2025-04-20,53.5095633076052,8.4,26.080353282937,16.2,51.1203882353773,5.8,35.8644600247281,9.25,99.6278469558027,11.2,14.2821304248096,4.4,22.8718003874518,3.6,40.3892711090009,6,72.1136240516699,10,28.0167410889077,5.8,9.24893073697738,0.5,44.649635216973,3.6,56.0501086818973,8,50.4913842179975,5.5,54.5006244131446,24.6,34.9963661079156,24.6,63.4919326565796,6.4,28.2214965054218,8.6,58.3394813767927,5.8,63.6647447153962,5.2,17.3493819779638,4.5,95.7044409108442,26.6,30.3718829816379,5.8
2025-04-27,50.5258328235193,8.4,26.6056313688164,16,47.9690592605085,5.4,28.8325830762544,9.5,29.9867290779073,10.4,16.3384842014444,5.4,27.408306752244,5.2,32.8432030280715,6,64.6667356970814,15,40.6163056288743,9.8,35.1848514349086,1.25,76.2410337472115,5.2,71.4028026844,17.2,44.7274272268922,4.75,59.2686796583656,23.6,46.6918188507872,23.6,55.7191642930713,7.4,21.6436640334125,9.2,48.4049932690285,6.2,71.1528474761459,6.6,17.8155773199381,4.5,38.1778098601497,5.6,27.3189238298209,6.2
2025-05-04,28.9061279231936,8.4,44.6763203133881,16.4,38.4445486806379,6.2,50.4958450494159,11,64.5609527811225,10,22.6000743493495,6,27.5368993363825,11,46.1785969460937,8.25,19.6437083400262,10.3333333333333,21.6024151552487,4.8,29.9099812508143,3,51.539081433517,11,100,12,64.2539116407745,4.75,73.7812985421412,23,53.4965413248144,23,59.8077339473992,6.4,23.711593100432,9.4,55.8261954086832,6,77.7231665158368,5.2,27.6008253572963,6.75,100,12,38.5170783236733,6
2025-05-11,26.3043092806502,8.8,43.1794743396429,19.8,51.8307612046469,4.2,26.1040937537642,12,89.7943192980724,17,19.4405849287478,6.8,39.995760333738,8.8,55.1535635602777,10.25,22.7780093678015,20.6666666666667,20.5369338719138,4.8,14.5592176895503,0.75,42.308828155326,8.8,69.9927965521431,7.2,37.5964394252039,5,61.9543758002797,21.8,58.9315745637819,21.8,54.6426449414114,6,23.0409374544519,16.2,74.2146296903275,5.6,69.9777336035076,4.4,30.2872475938123,8.25,49.9380397248156,3.6,29.4997276393187,5.6
2025-05-18,70.494775195063,15,62.5604468710553,16,48.2780152101774,5.8,15.4742219846882,10.25,52.6566629583432,14,20.7742792646651,5.6,40.6965902716587,4.4,49.5230940152458,14.5,35.0737369492304,14,29.8963247445606,5.2,34.883789117328,1.5,47.0805180864374,4.4,53.6960679164508,6.6,53.8896921389996,4.75,53.3710725148035,20.8,40.7579652513288,20.8,52.7795048516504,7.6,15.1635956080472,9.4,46.7862934535418,5.2,68.0155197462627,3.8,22.0908818607703,10,31.3226439674887,2.8,30.6551842940065,5.2
2025-05-25,55.5694017137277,14.6,44.7915722662662,20.8,43.933148099758,4.2,27.7102054265978,10,43.0424863223077,14.4,23.0154958283738,4.8,19.2627494531249,4,48.3498293453071,13.25,47.224863744389,9,57.2295006546501,6.4,15.8036399692746,0.75,23.0299268493674,4,33.7202125695533,5.6,41.3902927724352,7,37.5230282901419,24.6,42.1193185904671,24.6,56.5095438713349,6.4,14.5040422038222,7.6,31.7904938058468,5.6,46.8110932522192,3.6,20.2531266731886,8.5,17.2901137527173,2.4,22.9789564123921,5.6
2025-06-01,42.989745125341,15.4,50.0424081029892,18.2,58.2392105305126,7.4,26.5613226740375,12.75,59.6728530594909,15.6,41.9401298334776,5.8,30.6666086236494,4.8,47.4241402721916,14.75,50.7460647596202,17,34.0511011815981,6.8,31.4672438475969,1.5,35.4289243667718,4.8,51.8240972275427,6,69.2417873250206,6.75,47.6763616983234,18.6,31.0978506977611,18.6,59.253061600714,6.2,13.7835213316889,7.4,46.0470422123384,6.4,92.7503962040405,3.4,23.785577063714,8,19.5831362145526,2.2,20.2539295913034,6.4
2025-06-08,39.3972333336993,14.4,32.1493262740044,15,47.6334913169286,5.8,37.7560678531697,13.75,42.115893320765,12.6,24.4543145220417,5.4,20.668465269388,3.6,62.0408234962119,21.25,80.7531177412957,15,51.1894062332031,24.6,13.5488178329109,0.5,33.6274954049072,3.6,62.7034964633111,8.2,76.7351621030888,5,41.3699997745094,21.8,37.5932626511365,21.8,100,9,22.3605562098111,14.4,41.2074167170091,7.2,74.89789637053,23,55.8520663129581,13.5,24.2559949908619,2.2,24.5054380810522,7.2
2025-06-15,62.9634429516498,13.8,39.0480730645528,16,40.1000699440613,5.4,42.7603118834363,18.5,58.2141389152855,11.2,8.07237564208745,4.8,30.1194883879506,4.4,78.1465602994304,16.75,51.6965576853258,20,45.7899535490704,11.2,9.06532633040689,0.5,35.151108594992,4.4,77.7721323410205,11.2,50.4002998256076,6.5,57.2514549051144,20.6,44.5975442111282,20.6,84.4329292749373,7.4,18.4621541404059,21.2,46.0887590556207,7,75.8974780571427,7.4,67.8903079054133,22.5,24.7841481583928,2.2,29.4981353042312,7
2025-06-22,32.739252576166,12.4,67.4583623667369,16,46.958150379547,5.4,29.0621701522433,29,77.7256656017882,10.6,8.1005955395137,5.4,35.4268954200634,4.4,52.7379488691224,12.25,43.3133741529914,27.6666666666667,10.1020938281937,6.8,8.0077187874531,0.5,51.7492364417446,4.4,64.2204515975423,13,36.0673110141496,8.5,61.9795597621223,29.8,49.8389169393782,29.8,70.5152712941475,7.4,19.7070468794635,26.8,40.4332656135171,8,91.7020873179856,4,58.5758359892469,18.75,25.234064456669,2,25.3068210399819,8
2025-06-29,47.6770835639005,9.6,55.9852064509368,28.2,47.2796161458916,3.2,23.5258865957864,10.5,53.7035377398142,8.6,23.2923713807394,5.2,29.9168582337172,2.6,31.0383120306514,8.25,78.2643133854344,68.6666666666667,16.2709426077513,6.4,10.4531020257039,0.25,27.5379757459439,2.6,42.0264688538929,5.6,38.5649766579736,4,40.6947872078464,20,29.4108399693928,20,47.7901830528885,8.2,14.9258096495624,9,26.325607791033,5.6,54.0040588903372,4.2,24.4008666558675,7.5,20.0463038987735,2,17.1464158412746,5.6
2025-07-06,89.5387882011658,8,57.3652666861006,23,41.473317298445,3.4,47.6446548908864,11,40.4426426413748,10.4,24.9895709750441,5.2,24.6355128628655,3,29.9532343402743,7.75,74.8881264377677,28,54.0004166486079,8.8,8.91439410836798,0.5,46.5557080674606,3,43.804290687324,6,62.1147061456331,4.25,50.3563331160613,18.6,32.9515002659953,18.6,51.5759158056387,8.6,13.5556256614193,8,48.441561304845,5,77.9325961952416,3.6,25.9913966761153,6.25,20.1301646824949,2,20.9152401289687,5
2025-07-13,42.632188138837,9,65.9980482429861,17.8,48.4902905073933,4.4,20.6257280406134,10,29.0716661850846,10.8,21.7136835670967,5.2,42.7737839680857,2.8,42.7269082530412,7.5,52.3933592236323,17,21.0222285283701,9.4,6.61670142034075,0.5,24.027677331423,2.8,43.6291756971334,7.8,23.8628609713062,5.25,51.4929622422168,21.2,27.2630474430406,21.2,50.9088017986344,8.8,17.1580816069635,18.6,39.2782403359129,6.6,63.8662494454557,5,22.1967557443508,6.75,13.4861021101834,2.4,23.9748706214597,6.6
2025-07-20,85.6395051077082,11,65.0964974291962,16,38.8838971986583,4,28.7248704519339,9,50.8715951817311,10.2,17.9395491276155,8.6,39.527288281489,3,44.2939682398609,16.75,51.0849722428418,17.6666666666667,35.0093158308536,8,9.72853716816728,0.5,23.8577342473789,3,52.3988375011574,9.4,43.2460755585968,5.25,33.3827462189231,27.2,27.3442724911944,27.2,53.0986649888294,9,16.875302343925,15,39.8430580434372,6.4,82.5096305027317,5,23.2000044715711,14.25,13.1645720051675,2.6,20.6229434273748,6.4
2025-07-27,70.1668034194786,13,57.8501288231677,20.8,47.8413985596118,4.2,21.4069102322447,8.75,31.8395556321549,12,15.6929286018204,4.4,29.2814775177074,3,57.0095378327368,23.75,68.9400937669563,17.3333333333333,46.4845059828936,6.2,7.16531037762893,0.75,40.8780614293437,3,53.7806249710423,12.2,37.2610044332046,7.25,45.3604455218864,35,25.857526728004,35,62.5375719976484,8.6,10.6007691011706,15,43.8298697805657,5.8,59.4653560021348,6.6,30.596920588133,20.5,16.0086608628612,2.4,17.1719247757151,5.8
2025-08-03,35.5267582387667,19.2,28.2957007797606,16.2,49.4649266376125,3.8,26.993037413214,8.25,63.1743370810462,12.8,12.9211988324727,4.6,24.3956539244132,2.6,43.1640227133209,21,64.7059126494249,23,28.8343419051122,6,9.77457376806862,0.5,38.4233152693447,2.6,49.6279613229474,7.2,47.674223084677,7.5,57.274372141423,22.6,30.6669351954488,22.6,50.1862193664349,7.8,17.4703314636358,9.2,56.6135027574652,5.2,82.8064855103213,4.6,24.9605271154928,13.25,17.6872229047265,2,17.8891487095268,5.2
2025-08-10,57.6718442249198,19.6,47.9694542962389,14.8,54.5911788139577,8.4,19.0045435441269,9,95.7398192876051,28.8,10.1864887748628,4.2,26.5945571346969,6.4,21.6308663505898,13,69.0820605728183,27,27.6761362317733,5,8.76088040837403,0.5,37.1272235898805,6.4,40.2405282490115,9.4,58.0035864887507,29.5,44.7893934290788,22.2,41.0395650005926,22.2,58.4279866729415,8.2,17.3032581238614,9,72.6391699461059,6.6,60.1000783915281,5.4,20.3192757904115,10,10.9642203051145,2.6,29.114584747033,6.6
2025-08-17,44.9121796867433,19.4,41.5843034049393,17.2,56.4735702630286,5.4,29.3259591605382,10.25,100,16,16.2982582720319,4.4,46.8848819293541,3.8,40.7677391087752,10.5,53.3309770452912,19.6666666666667,19.4510888071863,7.6,14.2421762069133,0.75,26.7397445642428,3.8,47.8870062017152,5.4,56.2169576188217,14.5,38.5904534401158,17.8,41.6693757925362,17.8,45.4743359004186,7.8,18.3176093234986,8.2,53.5809639486404,5,59.6660984988264,3.6,21.9642609040829,7.75,13.420053531532,2,30.0727825720407,5
2025-08-24,65.9760318373067,20.4,52.5128346132892,16.6,43.8142234118104,4.4,50.8126034228179,10.25,47.7381892489671,12,15.9067127792091,5.4,55.0653813516433,3.2,49.2821552803602,11.25,59.4456690591639,18.6666666666667,27.7123104162896,7.6,12.0753427408958,0.5,38.0573473985405,3.2,57.5167049736919,7,40.8818660709196,5.75,40.7666639480222,20,44.9958922791623,20,50.4061825970906,7.4,13.679214475803,8.2,37.4938378658122,6,59.9314719903185,3.8,29.8947194755267,7.75,12.4536681365019,2.6,19.4823354268363,6
2025-08-31,73.3614377303767,19.8,39.4739497998865,23,38.4451806258264,6.6,52.7704471031162,11,33.2661625032213,12,19.3552273550849,5.2,44.514794669225,2.8,27.104845831635,12.25,32.8117752844118,11,38.7994146026915,5.4,10.8229849267814,0.75,57.322195163616,2.8,60.8771172182984,21.8,35.0643359962841,6.25,42.9550143850069,21,39.5200725255288,21,54.2704974275374,8,15.3080405202133,8.6,46.5201422449796,7,61.81834643771,4,14.6412998329843,7.5,16.7137910161335,2.2,25.3789753410203,7
2025-09-07,46.1081608891281,10.4,31.6038214202732,19,44.8611214152511,3.6,44.4825082113166,25.75,54.1936007550571,15.4,40.7461222736045,5.4,100,3,38.1694473009496,17.5,53.0017174760018,10.3333333333333,18.1374777314999,6.4,19.6918994033846,1.25,50.5740165718613,3,39.96251098039,8,47.3257701282452,4.75,67.0033100577104,31.2,49.7052475008819,31.2,68.2015759287262,6.8,16.2462244524005,9,48.6326748941204,6.2,91.9303470260071,5.6,33.0823580333828,10.25,13.649384295026,2.4,26.5334953272157,6.2
2025-09-14,26.8720847841584,10.4,43.8375977343789,16,55.3287491399441,3.2,27.1104953409499,20.5,35.3353400557193,12.2,28.2341034897186,5.6,41.3621096683536,2.8,52.1348637966722,16.5,29.5939101440351,9,23.6907688985212,6.8,8.07426424072572,6.25,61.642099980659,2.8,55.3023252211052,8.6,51.5137081135609,4.5,48.6651134560512,29,60.5918488588908,29,53.322267441323,6.8,20.3475465470558,9.4,59.6564273636018,5.6,72.9703584875881,5,38.0472813469955,11.75,30.4632363619317,2.6,36.1611091523512,5.6
2025-09-21,50.3334300957249,11,47.4804823746388,15.8,57.0652252199642,5,63.6629625143261,30.5,35.6890567649247,17.6,39.743848196138,5.6,45.5370303481284,3.2,31.9242198871229,18.75,30.1462066364794,10.3333333333333,29.1568029699604,6.8,15.0732066295219,1.25,35.6453915134656,3.2,61.3497490693496,8,41.1298104295334,5.5,40.8901082946388,26.8,42.0095281727987,26.8,52.2489704970352,6.4,18.8104903957311,9.6,54.2678035568792,6.2,80.8677024078734,4.6,29.4791079679446,11.25,24.6060359222335,2.4,22.854800189321,6.2
2025-09-28,48.9181489977983,11,49.3281832285343,16.6,48.0624760056415,3.4,40.0559434874858,16.75,38.8187286328716,15.6,30.4190842415573,5,40.8450768308828,3.6,41.4216397628796,30.25,60.2331238042689,11.6666666666667,44.0853138332381,10,26.1044922755137,2.5,55.0489087981046,3.6,45.2255596307131,8,39.9438395262133,5.25,44.5396262830129,25.4,46.5744505272877,25.4,75.9393813039478,6.8,18.1891912288135,9.6,44.5214299094893,5.8,70.7299370229178,4.8,22.9430920877505,18.5,20.5229470232683,2.4,34.6462479153686,5.8
2025-10-05,50.1231049888063,9.4,37.7989022658198,17,57.625994827376,4.2,25.8620892191996,14.75,25.2064949503084,14.8,27.1732386169339,5.2,71.1612414964144,4,65.6288420023046,37.25,32.6176700009799,9.66666666666667,19.7931137339303,5.4,21.6934700070792,0.5,49.4109757462941,4,46.4302526407057,7.6,32.2883664383412,4.25,42.791875041685,26.6,55.9373788811437,26.6,49.3605426327575,7.8,18.355629175279,10.6,60.023142963221,5.4,81.8396636905013,4.8,49.4408418292546,23.25,17.4817986847908,2.4,53.7134299569536,5.4
2025-10-12,36.9401389187903,10.2,42.8891332173984,16.8,38.3370009723794,4.8,19.0290318683357,18,46.9270663892028,14.8,16.8525879153278,5.8,56.8324016115491,3,70.814885428888,41,19.0543574709275,8,24.8764272244341,5.2,10.2706086909104,0.75,34.1407486440839,3,46.4636460533016,11.6,40.8538257593899,4.5,50.1403678607327,24,49.3254574417101,24,60.5622151824775,7.4,18.6437906211343,11.8,61.3719550834061,5.4,100,6.2,50.8506224737237,29.25,19.7387502852181,2.4,56.6128234078166,5.4
2025-10-19,32.3602793288754,13.6,78.0264616339644,15.2,47.466580077202,4.8,34.4757880665978,12,51.4749490829882,14.2,17.6996169888009,5.6,36.4007976155843,3.2,33.9665078652521,13.5,63.5653137211541,7.33333333333333,28.4647590929022,5.2,22.8830102138207,0.5,29.244619689074,3.2,50.1924883914976,8.2,45.1147801671717,4.75,41.4960888848274,23.2,56.8561626173209,23.2,47.4323510881441,7,20.9351004880347,8.8,67.0632705814093,6.2,80.4538626642497,6.2,26.34772626457,10.25,22.496210534617,2.2,30.4898202454278,6.2
2025-10-26,88.0384608142078,16.2,42.2523569114269,15.2,42.1231663972508,3.4,47.8252278118864,11.75,43.2858655868596,13.2,43.1316559433379,6.4,33.9372600509031,3.4,55.8738880339372,12.5,60.1417489551602,7.33333333333333,47.1226056324742,10,28.0550658479687,1.5,26.2044692139573,3.4,63.267607221541,25,40.6213496372539,4.25,39.9673248958746,29.2,55.4687279879815,29.2,55.5150806844282,6.2,17.6233460431197,9.4,50.3034344561018,5.2,62.7852229051341,5,22.7712125529934,7,16.9366548484411,2.4,42.2658537263532,5.2
2025-11-02,100,11.4,45.6490129577515,20.4,38.04798768133,4,37.0596308402243,13,41.2888995206259,12,21.4363036606073,8.2,23.2024138045386,4.2,25.3878270167673,10.25,66.7111714788375,10,46.5487202259012,8.8,23.5325221578092,1.5,27.0595394097061,4.2,28.1466444458945,13,38.7091888496475,5,42.5550693083865,43.6,52.9148313798898,43.6,49.6705321245412,10.2,15.0418131063013,10.8,37.3353954358526,5.8,69.9964030859866,6,16.5524021080575,6.75,14.9168620688087,2.4,23.7101534739131,5.8
2025-11-09,58.8907063702857,12,36.5166667270329,17.6,55.5160790620656,4,37.6956878421594,12.75,30.6047990007493,12.6,16.3796841296689,8.2,34.972928709045,11,24.1667304136667,8.75,38.0893172723372,9,56.7098382437311,7.4,18.6945754364862,1,35.5657661097113,11,50.0895590991551,12.4,37.9704822319764,5.25,67.3767636242026,41,64.5353920142984,41,64.4562945731147,7,22.5243098571462,11.4,56.9254588351005,7.8,83.2982217972015,6,20.0735509572658,5.75,17.5247039391301,2.2,34.6314316167023,7.8
2025-11-16,45.1854653753366,10.4,64.0497107112091,18.4,57.7589215624764,4.6,50.770256692032,12.5,57.9066764969205,12,15.3494840870229,8.2,32.6234948681628,4.4,31.6664872063065,8,48.4862520914045,9.33333333333333,31.8911128475975,6.6,14.9860038705045,0.75,26.5051823966935,4.4,51.3750975896058,14.2,55.3061641886148,5.75,53.8148340084069,37.4,44.4667325390824,37.4,47.8084643058712,7,22.4765880171589,11.6,52.4308556486961,6.8,84.6691804120301,6.8,14.6629318074258,5.75,16.9429584223442,2.4,42.0715499346938,6.8
2025-11-23,77.4136404716742,7.4,67.4447444758051,17.6,46.7755589577588,3.6,19.0094222314538,11.75,76.2184676877234,13.4,21.756525752752,8,17.0307119112088,4,40.3313285133056,7.5,96.3557793662983,13.6666666666667,28.1604882430337,6.2,17.2772369213435,0.75,23.3942061575749,4,57.9962207433438,11.6,59.5003972970273,5.5,50.1971802002218,32.4,54.0132194344977,32.4,74.1149270427159,6.6,25.6358250269755,10,60.850755387741,4.8,70.6236829737738,5,24.3095052508008,5.25,25.0661856065647,2.2,42.6392852831757,4.8
2025-11-30,42.9080288691436,5.4,63.1957586220027,20.4,27.6907018833909,3.8,22.2379389875694,16.25,75.1073802746867,13,11.2328338235809,8.4,35.4627080618304,4.6,22.2160908130864,8.25,41.5747335331283,10.6666666666667,17.994385493817,5.6,9.55213405412257,1,18.5909141140784,4.6,42.2803310276741,16,34.5390708062804,6.75,32.8310263640599,47,29.1450117883929,47,38.4852588489717,6.8,14.6065796275155,13.6,46.7911254733078,5.2,62.8815572786374,6.4,17.5296228406458,5.5,23.5366077160097,2.6,45.1690688492734,5.2
2025-12-07,65.4363427696559,9,58.7574702772579,20,36.7243592566684,3.8,29.9787914740636,14.5,43.8460430366399,11,30.6937234166346,9.6,37.0539753403305,3.4,23.3280067833085,8.5,38.4472509710061,8.66666666666667,30.1649957247401,5.8,14.7847679090331,0.75,20.1834576460171,3.4,61.7446002194507,16.2,62.2247699236615,5.5,59.0068582763637,47.4,56.985345512891,47.4,55.0487360380136,7.4,23.452050147342,16.8,47.5051535958513,4.8,85.6282739630454,6.6,16.2565646707536,5.25,18.2817367660033,3,84.7862157853301,4.8
2025-12-14,40.8985581002361,9.6,100,27.6,36.878670171612,4.4,16.1299279154522,12.75,86.0432589864537,15.4,26.1524518032239,7.8,28.5743369889114,4.6,12.2360153668849,9.75,70.1626844932244,9,28.8496390872111,6,17.0686837057711,0.75,25.03005462295,4.6,47.5077770710479,13.4,61.6229705291664,5.5,56.1740808876911,37,100,37,96.3347088431938,8.2,27.1495748794767,17.6,34.7586894496323,7.4,89.8066740134754,5.8,15.7206319816993,5.25,27.6361207305814,2.6,44.4926483300383,7.4
2025-12-21,52.4464383704046,6.4,29.1855127273509,20.6,51.5731860214753,4.4,21.868149147475,11,58.1051214984328,13.6,17.6391750541635,4.8,20.5112492529686,2.4,14.0347152774748,7.75,49.9280911087443,12.6666666666667,19.6729715029171,6.8,8.32969188534726,0.5,21.1277485426578,2.4,30.1858388790085,10.8,43.5889548034939,4.75,34.1236289875051,24.6,47.7003763095898,24.6,49.257258442949,7.2,14.7234013511352,9.4,23.7716578035647,5.2,71.0639022336418,4.2,14.8516279794706,5,22.8268898735137,4,45.4157173521241,5.2
2025-12-28,39.3625973913728,8.8,18.177859778213,17.8,16.4548552525094,5.4,21.3088389247892,12.25,43.0279983984642,14.6,7.88297986517936,5.6,22.9624298839885,2.4,14.3792812303976,7.25,21.3926266814178,33.6666666666667,21.2215564565131,16.2,10.0326561818173,0.5,14.1972463365017,2.4,24.8715362302285,18,20.3177852959609,7.25,21.4029201268092,27,13.3427619520223,27,31.4171367701588,8,10.5336083943669,9,13.6613594244608,6,33.5082544949297,4.8,8.94696979778502,5,14.8487759955411,3,18.5758895054557,6
2023-12-31,NA,9.6,NA,11.6,NA,0.6,NA,14.75,NA,19.2,NA,5.8,NA,12,NA,29.25,NA,18.6666666666667,NA,12.6,NA,0.25,27.1775752961654,12,41.2815191801351,7,45.4104139194259,9.75,47.0368271529316,9.2,28.2247330235201,9.2,60.4494052897068,32.4,8.52026398712255,2.4,11.2518890117636,2.2,35.1028593855587,8.6,38.7153221923863,21,18.6359173333242,13,11.0696691539039,2.2
2024-01-07,NA,9.6,NA,13.6,NA,0.8,NA,17.25,NA,23,NA,9.2,NA,17.8,NA,25,NA,14.3333333333333,NA,12.8,NA,0.5,31.553961158661,17.8,40.2349210350137,9.2,39.6262282937207,10.5,72.8294656974207,15.6,41.9683469311941,15.6,44.1956770048435,35.2,12.0426935951373,3,18.5004126894396,2.6,43.3690822756302,10.8,48.9233485162675,19.25,21.7012756941587,12,18.206768092727,2.6
